Taxa,Name,Category,Start,End,Terminal,Content,Gapped_Content,Width,Descendants,Root_Dist,Child_Extant,PSP,PSML,SICP,SICML,BEP,BEML
10,N0_N1_23_23,deletion,23,23,X,S,S,1,16,4.72035,True,False,False,False,False,False,False
10,N0_N1_25_29,insertion,25,29,X,gs,g--s-,2,16,4.72035,True,False,False,False,False,False,False
10,N0_N1_30_30,deletion,30,30,X,P,P,1,16,4.72035,True,False,False,False,False,False,False
10,N0_N1_36_42,insertion,36,42,X,lgy,lg----y,3,16,4.72035,True,False,False,True,False,False,False
10,N0_N1_45_50,deletion,45,50,X,TVTP,TVT--P,4,16,4.72035,True,False,False,False,False,False,False
10,N0_N1_69_74,insertion,69,74,X,l,l-----,1,16,4.72035,True,False,False,False,False,False,False
10,N0_N1_75_75,deletion,75,75,X,S,S,1,16,4.72035,True,False,False,False,False,False,False
10,N0_N1_78_81,deletion,78,81,X,KQ,KQ--,2,16,4.72035,True,False,False,False,False,False,False
10,N0_N1_88_95,insertion,88,95,X,efee,e--f-ee-,4,16,4.72035,True,False,False,False,False,False,False
10,N0_N1_96_99,deletion,96,99,X,K,K---,1,16,4.72035,True,False,False,False,False,False,False
10,N0_N1_101_101,insertion,101,101,X,d,d,1,16,4.72035,True,False,False,False,False,False,False
10,N0_N1_102_103,deletion,102,103,X,Y,Y-,1,16,4.72035,True,False,False,False,False,False,False
10,N0_N1_117_131,insertion,117,131,X,lggf,lg-----------gf,4,16,4.72035,True,False,False,False,False,False,False
10,N0_sequence5_2_3,insertion,2,3,N,ln,ln,2,0,7.99999,False,False,True,True,True,False,False
10,N0_sequence5_4_10,deletion,4,10,N,P,P------,1,0,7.99999,False,False,False,False,False,False,False
10,N0_sequence5_17_17,deletion,17,17,X,S,S,1,0,7.99999,False,False,False,False,False,False,False
10,N0_sequence5_24_29,deletion,24,29,X,S,S-----,1,0,7.99999,False,False,False,False,False,False,False
10,N0_sequence5_48_49,insertion,48,49,X,gt,gt,2,0,7.99999,False,False,False,False,False,False,False
10,N0_sequence5_51_58,deletion,51,58,X,NV,N-----V-,2,0,7.99999,False,False,False,False,False,False,False
10,N0_sequence5_65_65,insertion,65,65,X,r,r,1,0,7.99999,False,False,False,False,False,False,False
10,N0_sequence5_66_69,deletion,66,69,X,Y,Y---,1,0,7.99999,False,False,False,False,False,False,False
10,N0_sequence5_70_74,insertion,70,74,X,fdstt,fdstt,5,0,7.99999,False,False,False,False,False,False,False
10,N0_sequence5_80_81,insertion,80,81,X,dp,dp,2,0,7.99999,False,False,False,False,False,False,False
10,N0_sequence5_82_82,deletion,82,82,X,S,S,1,0,7.99999,False,False,False,False,False,False,False
10,N0_sequence5_97_99,insertion,97,99,X,evp,evp,3,0,7.99999,False,False,False,False,False,False,False
10,N0_sequence5_100_101,deletion,100,101,X,L,L-,1,0,7.99999,False,False,False,False,False,False,False
10,N0_sequence5_103_103,insertion,103,103,X,q,q,1,0,7.99999,False,False,False,False,False,False,False
10,N0_sequence5_106_107,insertion,106,107,X,ve,ve,2,0,7.99999,False,False,False,False,False,False,False
10,N0_sequence5_108_131,deletion,108,131,X,A,A-----------------------,1,0,7.99999,False,False,False,False,False,False,False
10,N1_sequence3_5_10,insertion,5,10,X,egs,egs---,3,0,8.0,False,False,True,False,False,False,False
10,N1_sequence3_22_24,deletion,22,24,X,QN,Q-N,2,0,8.0,False,False,False,False,False,False,False
10,N1_sequence3_26_27,insertion,26,27,X,gy,gy,2,0,8.0,False,False,False,False,False,False,False
10,N1_sequence3_38_41,insertion,38,41,X,gyk,gyk-,3,0,8.0,False,False,False,False,False,False,False
10,N1_sequence3_42_43,deletion,42,43,X,yF,yF,2,0,8.0,False,False,False,False,False,False,False
10,N1_sequence3_44_50,insertion,44,50,X,e,e------,1,0,8.0,False,False,False,False,False,False,False
10,N1_sequence3_58_58,insertion,58,58,X,a,a,1,0,8.0,False,False,False,False,False,False,False
10,N1_sequence3_60_65,insertion,60,65,X,itftp,itftp-,5,0,8.0,False,False,False,False,False,False,False
10,N1_sequence3_88_90,deletion,88,90,X,e,e--,1,0,8.0,False,False,False,False,False,False,False
10,N1_sequence3_100_100,deletion,100,100,X,R,R,1,0,8.0,False,False,False,False,False,False,False
10,N1_N2_28_30,deletion,28,30,X,s,s--,1,14,5.465107,False,False,False,False,False,False,False
10,N1_N2_43_50,deletion,43,50,X,F,F-------,1,14,5.465107,False,False,False,False,False,False,False
10,N1_N2_52_56,insertion,52,56,X,v,v----,1,14,5.465107,False,False,False,False,False,False,False
10,N1_N2_59_65,deletion,59,65,X,P,P------,1,14,5.465107,False,False,False,False,False,False,False
10,N1_N2_92_92,insertion,92,92,X,v,v,1,14,5.465107,False,False,False,False,False,False,False
10,N1_N2_110_116,insertion,110,116,X,iil,i--i-l-,3,14,5.465107,False,False,False,False,False,False,False
10,N1_N2_121_129,insertion,121,129,X,lkspg,lks----pg,5,14,5.465107,False,False,False,False,False,False,False
10,N2_N7_57_65,deletion,57,65,X,N,N--------,1,4,6.0292829999999995,True,False,False,False,False,False,False
10,N2_N7_119_120,insertion,119,120,X,et,et,2,4,6.0292829999999995,True,False,False,False,False,False,False
10,N2_N7_128_131,deletion,128,131,X,pggf,pggf,4,4,6.0292829999999995,True,False,False,False,False,False,False
10,N3_N4_53_56,insertion,53,56,X,kpk,k-pk,3,2,6.476082399999999,True,False,False,False,False,False,False
10,N3_N4_114_114,insertion,114,114,X,s,s,1,2,6.476082399999999,True,False,False,False,False,False,False
10,N3_N4_129_130,deletion,129,130,X,gg,gg,2,2,6.476082399999999,True,False,False,False,False,False,False
10,N3_N5_4_10,deletion,4,10,N,K,K------,1,4,7.2553334,True,False,False,False,False,False,False
10,N3_N5_13_13,insertion,13,13,X,i,i,1,4,7.2553334,True,False,False,False,False,False,False
10,N3_N5_19_21,insertion,19,21,X,aak,aak,3,4,7.2553334,True,False,False,False,False,False,False
10,N3_N5_51_68,deletion,51,68,X,TvNL,Tv----N--------L--,4,4,7.2553334,True,False,False,False,False,False,False
10,N3_N5_83_87,deletion,83,87,X,NL,N-L--,2,4,7.2553334,True,False,False,False,False,False,False
10,N3_N5_101_103,deletion,101,103,X,d,d--,1,4,7.2553334,True,False,False,False,False,False,False
10,N3_N5_118_120,deletion,118,120,X,q,q--,1,4,7.2553334,True,False,False,False,False,False,False
10,N7_sequence8_9_10,insertion,9,10,X,ig,ig,2,0,7.999993,False,False,True,False,False,False,False
10,N7_sequence8_16_16,insertion,16,16,X,t,t,1,0,7.999993,False,False,False,True,False,False,False
10,N7_sequence8_105_107,insertion,105,107,X,r,r--,1,0,7.999993,False,False,False,False,False,False,False
10,N7_sequence8_109_109,insertion,109,109,X,s,s,1,0,7.999993,False,False,False,False,False,False,False
10,N7_sequence8_115_115,deletion,115,115,X,l,l,1,0,7.999993,False,False,False,False,False,False,False
10,N7_sequence8_116_116,insertion,116,116,X,r,r,1,0,7.999993,False,False,False,False,False,False,False
10,N7_N8_4_10,deletion,4,10,N,K,K------,1,2,7.944623,True,False,True,True,True,False,False
10,N7_N8_22_23,deletion,22,23,X,Q,Q-,1,2,7.944623,True,False,False,False,False,True,False
10,N7_N8_33_35,insertion,33,35,X,eqf,eqf,3,2,7.944623,True,True,False,False,False,False,False
10,N7_N8_51_51,deletion,51,51,X,S,S,1,2,7.944623,True,False,False,False,False,False,False
10,N7_N8_77_81,insertion,77,81,X,c,c----,1,2,7.944623,True,False,False,False,False,False,False
10,N7_N8_90_90,insertion,90,90,X,r,r,1,2,7.944623,True,False,False,False,False,False,False
10,N7_N8_95_99,insertion,95,99,X,l,l----,1,2,7.944623,True,False,False,False,False,False,False
10,N7_N8_100_107,deletion,100,107,X,NaA,Na--A---,3,2,7.944623,True,False,False,False,False,False,False
10,N7_N8_118_119,deletion,118,119,X,qe,qe,2,2,7.944623,True,False,False,False,False,False,False
10,N7_N8_122_131,deletion,122,131,X,ks,ks--------,2,2,7.944623,True,False,False,False,False,False,False
10,N4_sequence4_8_10,insertion,8,10,X,g,g--,1,0,8.0000024,False,True,True,False,False,False,False
10,N4_sequence4_12_13,insertion,12,13,X,v,v-,1,0,8.0000024,False,False,False,True,True,False,False
10,N4_sequence4_17_23,deletion,17,23,X,SLQ,SL---Q-,3,0,8.0000024,False,False,False,False,False,False,False
10,N4_sequence4_29_30,insertion,29,30,X,t,t-,1,0,8.0000024,False,False,False,False,False,False,False
10,N4_sequence4_32_35,insertion,32,35,X,a,a---,1,0,8.0000024,False,False,False,False,False,False,False
10,N4_sequence4_41_41,insertion,41,41,X,f,f,1,0,8.0000024,False,False,False,False,False,False,False
10,N4_sequence4_51_51,deletion,51,51,X,P,P,1,0,8.0000024,False,False,False,False,False,False,False
10,N4_sequence4_54_54,insertion,54,54,X,i,i,1,0,8.0000024,False,False,False,False,False,False,False
10,N4_sequence4_84_84,insertion,84,84,X,g,g,1,0,8.0000024,False,False,False,False,False,False,False
10,N4_sequence4_100_103,deletion,100,103,X,Ag,Ag--,2,0,8.0000024,False,False,False,False,False,False,False
10,N4_sequence4_111_112,insertion,111,112,X,tv,tv,2,0,8.0000024,False,False,False,False,False,False,False
10,N4_sequence6_22_35,deletion,22,35,X,QNfP,Q-Nf-----P----,4,0,8.0000024,False,False,False,False,False,False,False
10,N4_sequence6_37_50,deletion,37,50,X,kr,k----r--------,2,0,8.0000024,False,False,False,False,False,False,False
10,N4_sequence6_67_68,insertion,67,68,X,ql,ql,2,0,8.0000024,False,False,False,False,False,False,False
10,N4_sequence6_93_99,deletion,93,99,X,ne,ne-----,2,0,8.0000024,False,False,False,False,False,False,False
10,N5_sequence7_13_13,deletion,13,13,X,i,i,1,0,7.9999964,False,False,False,False,False,False,False
10,N5_sequence7_15_16,insertion,15,16,X,a,a-,1,0,7.9999964,False,True,False,False,False,True,True
10,N5_sequence7_124_127,insertion,124,127,X,ydek,ydek,4,0,7.9999964,False,False,False,False,False,False,False
10,N5_N6_0_10,insertion,0,10,N,lh,lh---------,2,2,7.9234523999999995,True,True,False,False,False,True,True
10,N5_N6_86_87,insertion,86,87,X,ea,ea,2,2,7.9234523999999995,True,False,False,False,False,False,False
10,N5_N6_89_90,insertion,89,90,X,d,d-,1,2,7.9234523999999995,True,False,False,False,False,False,False
10,N8_sequence10_14_16,deletion,14,16,X,V,V--,1,0,7.9999907,False,True,True,True,True,True,True
10,N6_sequence2_14_17,deletion,14,17,X,RQ,R--Q,2,0,7.9999959,False,True,True,True,True,True,True
20,N0_N1_115_115,deletion,115,115,X,K,K,1,32,0.0351275,False,False,False,False,False,False,False
20,N0_N17_17_17,insertion,17,17,X,d,d,1,4,3.04853,True,True,True,True,True,True,True
20,N0_N17_42_42,insertion,42,42,X,v,v,1,4,3.04853,True,False,False,False,False,False,False
20,N0_N17_54_59,deletion,54,59,X,WG,W---G-,2,4,3.04853,True,False,False,False,False,False,False
20,N0_N17_68_74,deletion,68,74,X,VT,V-T----,2,4,3.04853,True,False,False,False,False,False,False
20,N0_N17_82_84,deletion,82,84,X,S,S--,1,4,3.04853,True,False,False,False,False,False,False
20,N0_N17_91_93,deletion,91,93,X,N,N--,1,4,3.04853,True,False,False,False,False,False,False
20,N0_N17_99_99,insertion,99,99,X,r,r,1,4,3.04853,True,False,False,False,False,False,False
20,N0_N17_127_127,insertion,127,127,X,g,g,1,4,3.04853,True,False,False,False,False,False,False
20,N0_N17_141_141,insertion,141,141,X,s,s,1,4,3.04853,True,False,False,False,False,False,False
20,N1_N2_46_53,insertion,46,53,X,sw,s-----w-,2,2,1.3307175,True,True,False,True,False,True,False
20,N1_N2_129_141,insertion,129,141,X,s,s------------,1,2,1.3307175,True,False,False,False,False,False,False
20,N1_N2_153_155,insertion,153,155,X,l,l--,1,2,1.3307175,True,False,False,False,False,False,False
20,N1_N3_76_81,insertion,76,81,X,s,s-----,1,28,0.3801775,False,False,False,False,False,False,False
20,N17_N18_145_146,insertion,145,146,X,c,c-,1,2,3.3757159999999997,True,True,False,True,False,True,False
20,N2_sequence12_19_23,insertion,19,23,X,verve,verve,5,0,3.9999975000000005,False,True,True,True,True,True,True
20,N2_sequence12_44_44,insertion,44,44,X,f,f,1,0,3.9999975000000005,False,False,False,False,False,False,False
20,N2_sequence12_55_57,insertion,55,57,X,dla,dla,3,0,3.9999975000000005,False,False,False,False,False,False,False
20,N2_sequence12_58_67,deletion,58,67,X,ST,S-T-------,2,0,3.9999975000000005,False,False,False,False,False,False,False
20,N2_sequence12_82_84,deletion,82,84,X,S,S--,1,0,3.9999975000000005,False,False,False,False,False,False,False
20,N2_sequence12_87_90,insertion,87,90,X,a,a---,1,0,3.9999975000000005,False,False,False,False,False,False,False
20,N2_sequence12_96_99,insertion,96,99,X,lta,lta-,3,0,3.9999975000000005,False,False,False,False,False,False,False
20,N2_sequence12_103_109,insertion,103,109,X,k,k------,1,0,3.9999975000000005,False,False,False,False,False,False,False
20,N2_sequence12_120_125,insertion,120,125,X,e,e-----,1,0,3.9999975000000005,False,False,False,False,False,False,False
20,N2_sequence12_129_146,deletion,129,146,X,sG,s------------G----,2,0,3.9999975000000005,False,False,False,False,False,False,False
20,N2_sequence12_149_151,insertion,149,151,X,qhs,qhs,3,0,3.9999975000000005,False,False,False,False,False,False,False
20,N2_sequence8_11_17,deletion,11,17,X,YL,Y-L----,2,0,3.9999975000000005,False,True,True,True,True,True,True
20,N2_sequence8_25_30,insertion,25,30,X,td,td----,2,0,3.9999975000000005,False,False,False,False,False,False,False
20,N2_sequence8_47_51,insertion,47,51,X,sgghl,sgghl,5,0,3.9999975000000005,False,False,False,False,False,False,False
20,N2_sequence8_68_68,deletion,68,68,X,K,K,1,0,3.9999975000000005,False,False,False,False,False,False,False
20,N2_sequence8_69_69,insertion,69,69,X,v,v,1,0,3.9999975000000005,False,False,False,False,False,False,False
20,N2_sequence8_75_81,deletion,75,81,X,P,P------,1,0,3.9999975000000005,False,False,False,False,False,False,False
20,N2_sequence8_83_84,insertion,83,84,X,v,v-,1,0,3.9999975000000005,False,False,False,False,False,False,False
20,N2_sequence8_101_115,deletion,101,115,X,KAL,KA-------L-----,3,0,3.9999975000000005,False,False,False,False,False,False,False
20,N2_sequence8_143_146,insertion,143,146,X,pn,pn--,2,0,3.9999975000000005,False,False,False,False,False,False,False
20,N2_sequence8_148_155,deletion,148,155,X,VKl,V---Kl--,3,0,3.9999975000000005,False,False,False,False,False,False,False
20,N3_N11_3_6,insertion,3,6,N,n,n---,1,12,1.6613975,True,False,True,True,True,False,True
20,N3_N11_85_90,deletion,85,90,X,PE,PE----,2,12,1.6613975,True,False,False,False,False,False,False
20,N3_N11_119_127,deletion,119,127,X,TT,T------T-,2,12,1.6613975,True,False,False,False,False,True,False
20,N3_N11_158_158,insertion,158,158,X,g,g,1,12,1.6613975,True,False,False,False,False,False,False
20,N3_N11_165_166,insertion,165,166,X,ra,ra,2,12,1.6613975,True,False,False,False,False,False,False
20,N3_N11_167_167,deletion,167,167,X,A,A,1,12,1.6613975,True,False,False,False,False,False,False
20,N18_sequence9_81_84,insertion,81,84,X,l,l---,1,0,4.0,False,True,True,True,True,True,True
20,N18_sequence9_126_126,deletion,126,126,X,K,K,1,0,4.0,False,False,False,False,False,False,False
20,N18_sequence18_38_38,insertion,38,38,X,a,a,1,0,4.0,False,True,True,True,True,True,True
20,N18_sequence18_146_146,insertion,146,146,X,s,s,1,0,4.0,False,False,False,False,False,False,False
20,N4_N5_53_53,insertion,53,53,X,s,s,1,6,1.4126195,True,False,False,False,False,False,False
20,N4_N8_11_11,deletion,11,11,X,V,V,1,6,2.5481235,True,True,True,True,True,True,True
20,N4_N8_12_12,insertion,12,12,X,l,l,1,6,2.5481235,True,False,False,False,False,False,False
20,N4_N8_18_35,deletion,18,35,X,TIL,T-----I------L----,3,6,2.5481235,True,False,False,False,False,False,False
20,N4_N8_37_38,insertion,37,38,X,g,g-,1,6,2.5481235,True,False,False,False,False,False,False
20,N4_N8_39_42,deletion,39,42,X,S,S---,1,6,2.5481235,True,False,False,False,False,False,False
20,N4_N8_59_59,insertion,59,59,X,a,a,1,6,2.5481235,True,False,False,False,False,False,False
20,N4_N8_65_67,insertion,65,67,X,k,k--,1,6,2.5481235,True,False,False,False,False,False,False
20,N4_N8_76_81,deletion,76,81,X,s,s-----,1,6,2.5481235,True,False,False,False,False,False,False
20,N4_N8_84_84,insertion,84,84,X,s,s,1,6,2.5481235,True,False,False,False,False,False,False
20,N4_N8_85_90,deletion,85,90,X,PE,PE----,2,6,2.5481235,True,False,False,False,False,False,False
20,N4_N8_95_101,deletion,95,101,X,VQR,V----QR,3,6,2.5481235,True,False,False,False,False,False,False
20,N4_N8_111_115,insertion,111,115,X,geq,geq--,3,6,2.5481235,True,False,False,False,False,False,False
20,N4_N8_126_127,deletion,126,127,X,T,T-,1,6,2.5481235,True,False,False,False,False,False,False
20,N4_N8_152_155,deletion,152,155,X,L,L---,1,6,2.5481235,True,False,False,False,False,False,False
20,N11_N12_32_35,insertion,32,35,X,rsm,r-sm,3,10,2.2856255,True,False,False,True,False,False,False
20,N11_N12_43_44,deletion,43,44,X,A,A-,1,10,2.2856255,True,False,False,False,False,False,False
20,N11_N12_95_99,deletion,95,99,X,V,V----,1,10,2.2856255,True,False,False,False,False,False,False
20,N11_sequence5_3_4,deletion,3,4,N,n,n-,1,0,4.000007500000001,False,False,True,True,True,False,True
20,N11_sequence5_5_6,insertion,5,6,N,kn,kn,2,0,4.000007500000001,False,True,False,False,False,True,False
20,N11_sequence5_28_30,insertion,28,30,X,arg,arg,3,0,4.000007500000001,False,False,False,False,False,False,False
20,N11_sequence5_54_59,deletion,54,59,X,WG,W---G-,2,0,4.000007500000001,False,False,False,False,False,False,False
20,N11_sequence5_66_67,insertion,66,67,X,pd,pd,2,0,4.000007500000001,False,False,False,False,False,False,False
20,N11_sequence5_100_101,deletion,100,101,X,PR,PR,2,0,4.000007500000001,False,False,False,False,False,False,False
20,N11_sequence5_148_155,deletion,148,155,X,AL,A---L---,2,0,4.000007500000001,False,False,False,False,False,False,False
20,N5_sequence6_7_10,deletion,7,10,N,P,P---,1,0,3.9999995,False,False,True,True,True,True,True
20,N5_sequence6_14_17,insertion,14,17,X,i,i---,1,0,3.9999995,False,True,False,False,False,False,False
20,N5_sequence6_18_23,deletion,18,23,X,T,T-----,1,0,3.9999995,False,False,False,False,False,False,False
20,N5_sequence6_27_30,insertion,27,30,X,y,y---,1,0,3.9999995,False,False,False,False,False,False,False
20,N5_sequence6_39_39,deletion,39,39,X,S,S,1,0,3.9999995,False,False,False,False,False,False,False
20,N5_sequence6_40_42,insertion,40,42,X,lc,lc-,2,0,3.9999995,False,False,False,False,False,False,False
20,N5_sequence6_54_67,deletion,54,67,X,WGN,W---G-N-------,3,0,3.9999995,False,False,False,False,False,False,False
20,N5_sequence6_82_84,deletion,82,84,X,C,C--,1,0,3.9999995,False,False,False,False,False,False,False
20,N5_sequence6_88_90,insertion,88,90,X,kee,kee,3,0,3.9999995,False,False,False,False,False,False,False
20,N5_sequence6_95_99,deletion,95,99,X,V,V----,1,0,3.9999995,False,False,False,False,False,False,False
20,N5_sequence6_117_117,insertion,117,117,X,k,k,1,0,3.9999995,False,False,False,False,False,False,False
20,N5_sequence6_126_127,deletion,126,127,X,S,S-,1,0,3.9999995,False,False,False,False,False,False,False
20,N5_sequence6_147_155,deletion,147,155,X,DAV,DA---V---,3,0,3.9999995,False,False,False,False,False,False,False
20,N5_sequence6_167_167,deletion,167,167,X,E,E,1,0,3.9999995,False,False,False,False,False,False,False
20,N5_N6_53_57,deletion,53,57,X,sW,sW---,2,4,2.7443795,True,False,False,False,False,False,False
20,N5_N6_76_84,deletion,76,84,X,tC,t-----C--,2,4,2.7443795,True,False,False,False,False,True,False
20,N5_N6_91_93,deletion,91,93,X,T,T--,1,4,2.7443795,True,True,False,False,False,False,False
20,N5_N6_121_125,insertion,121,125,X,f,f----,1,4,2.7443795,True,False,False,False,False,False,False
20,N8_sequence14_15_35,insertion,15,35,X,l,l--------------------,1,0,4.0000035,False,True,False,False,False,False,False
20,N8_sequence14_92_93,insertion,92,93,X,v,v-,1,0,4.0000035,False,False,False,False,False,False,False
20,N8_N9_13_35,deletion,13,35,X,I,I----------------------,1,4,3.5956735,True,True,False,True,False,False,False
20,N8_N9_68_69,deletion,68,69,X,T,T-,1,4,3.5956735,True,False,False,False,False,True,False
20,N8_N9_77_81,insertion,77,81,X,w,w----,1,4,3.5956735,True,False,False,False,False,False,False
20,N8_N9_147_155,deletion,147,155,X,PA,PA-------,2,4,3.5956735,True,False,False,False,False,False,False
20,N12_sequence13_16_17,insertion,16,17,X,k,k-,1,0,3.9999955000000007,False,True,True,True,True,True,True
20,N12_sequence13_18_31,deletion,18,31,X,EIL,E-----I------L,3,0,3.9999955000000007,False,False,False,False,False,False,False
20,N12_sequence13_35_35,deletion,35,35,X,m,m,1,0,3.9999955000000007,False,False,False,False,False,False,False
20,N12_sequence13_94_99,deletion,94,99,X,L,L-----,1,0,3.9999955000000007,False,False,False,False,False,False,False
20,N12_sequence13_101_109,deletion,101,109,X,RH,RH-------,2,0,3.9999955000000007,False,False,False,False,False,False,False
20,N12_sequence13_148_155,deletion,148,155,X,VL,V---L---,2,0,3.9999955000000007,False,False,False,False,False,False,False
20,N12_N13_58_59,deletion,58,59,X,S,S-,1,8,2.5311305,True,False,False,True,False,True,False
20,N12_N13_132_141,insertion,132,141,X,qne,qne-------,3,8,2.5311305,True,False,False,False,False,False,False
20,N6_sequence15_0_6,insertion,0,6,N,iki,iki----,3,0,3.9999995,False,False,True,True,True,True,True
20,N6_sequence15_7_10,deletion,7,10,N,H,H---,1,0,3.9999995,False,False,False,False,False,False,False
20,N6_sequence15_100_100,deletion,100,100,X,G,G,1,0,3.9999995,False,False,False,False,False,False,False
20,N6_sequence15_119_125,deletion,119,125,X,Kf,K-f----,2,0,3.9999995,False,False,False,False,False,False,False
20,N6_sequence15_130_141,insertion,130,141,X,lw,lw----------,2,0,3.9999995,False,False,False,False,False,False,False
20,N13_sequence10_4_6,insertion,4,6,X,k,k--,1,0,4.0000005000000005,False,True,True,True,True,True,True
20,N13_sequence10_11_12,deletion,11,12,X,I,I-,1,0,4.0000005000000005,False,False,False,False,False,False,False
20,N13_sequence10_74_74,insertion,74,74,X,i,i,1,0,4.0000005000000005,False,False,False,False,False,False,False
20,N13_sequence10_114_115,insertion,114,115,X,e,e-,1,0,4.0000005000000005,False,False,False,False,False,False,False
20,N13_sequence10_137_141,insertion,137,141,X,ydit,ydit-,4,0,4.0000005000000005,False,False,False,False,False,False,False
20,N13_sequence10_162_164,insertion,162,164,X,dpg,dpg,3,0,4.0000005000000005,False,False,False,False,False,False,False
20,N7_sequence1_8_10,insertion,8,10,X,ldh,ldh,3,0,3.9999994,False,True,True,True,True,True,True
20,N7_sequence1_61_67,insertion,61,67,X,pm,pm-----,2,0,3.9999994,False,False,False,False,False,False,False
20,N7_sequence1_126_146,deletion,126,146,X,IVL,I-V-------------L----,3,0,3.9999994,False,False,False,False,False,False,False
20,N7_sequence17_63_67,insertion,63,67,X,aa,aa---,2,0,3.9999994,False,True,True,False,False,False,True
20,N7_sequence17_71_74,insertion,71,74,X,a,a---,1,0,3.9999994,False,False,False,True,True,True,False
20,N7_sequence17_94_94,deletion,94,94,X,A,A,1,0,3.9999994,False,False,False,False,False,False,False
20,N7_sequence17_104_109,insertion,104,109,X,af,af----,2,0,3.9999994,False,False,False,False,False,False,False
20,N10_sequence4_122_127,insertion,122,127,X,ygft,ygft--,4,0,3.9999985000000002,False,True,True,True,True,True,True
20,N14_sequence7_33_33,insertion,33,33,X,e,e,1,0,4.0000005000000005,False,True,False,True,True,True,True
20,N14_sequence7_54_59,deletion,54,59,X,L,L-----,1,0,4.0000005000000005,False,False,False,False,False,False,False
20,N14_sequence7_72_74,insertion,72,74,X,q,q--,1,0,4.0000005000000005,False,False,False,False,False,False,False
20,N14_sequence7_91_99,deletion,91,99,X,DL,D--L-----,2,0,4.0000005000000005,False,False,False,False,False,False,False
20,N14_sequence7_106_109,insertion,106,109,X,v,v---,1,0,4.0000005000000005,False,False,False,False,False,False,False
20,N14_sequence7_135_141,insertion,135,141,X,sv,sv-----,2,0,4.0000005000000005,False,False,False,False,False,False,False
20,N14_sequence7_160_164,insertion,160,164,X,dl,dl---,2,0,4.0000005000000005,False,False,False,False,False,False,False
20,N14_N15_73_74,insertion,73,74,X,l,l-,1,4,3.2433765,True,True,False,False,False,False,False
20,N14_N15_93_93,insertion,93,93,X,l,l,1,4,3.2433765,True,False,False,False,False,False,False
20,N14_N15_107_109,insertion,107,109,X,ysk,ysk,3,4,3.2433765,True,False,False,False,False,False,False
20,N14_N15_110_127,deletion,110,127,X,HGA,H-----G-A---------,3,4,3.2433765,True,False,False,False,False,False,False
20,N15_sequence11_70_72,deletion,70,72,X,A,A--,1,0,4.0000005000000005,False,True,False,True,True,True,True
20,N15_N16_34_34,deletion,34,34,X,d,d,1,2,3.8417365000000006,True,True,False,True,True,True,True
20,N15_N16_147_151,deletion,147,151,X,TF,TF---,2,2,3.8417365000000006,True,False,True,False,False,False,False
20,N15_N16_154_155,insertion,154,155,X,eg,eg,2,2,3.8417365000000006,True,False,False,False,False,False,False
20,N15_N16_156_156,deletion,156,156,X,S,S,1,2,3.8417365000000006,True,False,False,False,False,False,False
20,N15_N16_157_157,insertion,157,157,X,v,v,1,2,3.8417365000000006,True,False,False,False,False,False,False
20,N16_sequence19_78_81,insertion,78,81,X,nil,nil-,3,0,4.0000005000000005,False,True,True,True,True,True,True
30,N0_N1_28_28,insertion,28,28,X,k,k,1,24,0.398645,True,False,False,True,False,True,True
30,N0_N1_92_92,deletion,92,92,X,K,K,1,24,0.398645,True,False,False,False,False,False,False
30,N0_N13_93_93,deletion,93,93,X,Q,Q,1,32,0.316794,False,False,False,False,False,False,False
30,N1_sequence23_28_29,deletion,28,29,X,kP,kP,2,0,2.666665,False,False,False,True,False,True,True
30,N1_sequence23_30_35,insertion,30,35,X,n,n-----,1,0,2.666665,False,True,False,False,False,False,False
30,N1_sequence23_64_67,deletion,64,67,X,EK,E-K-,2,0,2.666665,False,False,False,False,False,False,False
30,N1_sequence23_121_127,deletion,121,127,X,E,E------,1,0,2.666665,False,False,False,False,False,False,False
30,N1_sequence23_129_129,insertion,129,129,X,i,i,1,0,2.666665,False,False,False,False,False,False,False
30,N1_sequence23_131_132,insertion,131,132,X,ta,ta,2,0,2.666665,False,False,False,False,False,False,False
30,N13_N14_3_6,insertion,3,6,N,dgnk,dgnk,4,2,2.2871639999999998,True,True,True,True,True,True,True
30,N13_N14_29_35,deletion,29,35,X,P,P------,1,2,2.2871639999999998,True,False,False,False,False,False,False
30,N13_N14_45_45,deletion,45,45,X,T,T,1,2,2.2871639999999998,True,False,False,False,False,False,False
30,N13_N14_54_63,deletion,54,63,X,PSP,P-S---P---,3,2,2.2871639999999998,True,False,False,False,False,False,False
30,N13_N14_73_74,deletion,73,74,X,K,K-,1,2,2.2871639999999998,True,False,False,False,False,False,False
30,N13_N14_75_86,insertion,75,86,X,ysavkn,ysavkn------,6,2,2.2871639999999998,True,False,False,False,False,False,False
30,N13_N14_97_100,insertion,97,100,X,tg,tg--,2,2,2.2871639999999998,True,False,False,False,False,False,False
30,N13_N14_114_117,insertion,114,117,X,n,n---,1,2,2.2871639999999998,True,False,False,False,False,False,False
30,N13_N14_139_140,deletion,139,140,C,AV,AV,2,2,2.2871639999999998,True,False,False,False,False,False,False
30,N13_N15_99_100,insertion,99,100,X,p,p-,1,28,0.47458500000000003,True,False,False,False,False,False,False
30,N13_N15_115_117,insertion,115,117,X,sf,sf-,2,28,0.47458500000000003,True,False,False,False,False,False,False
30,N2_N3_24_24,insertion,24,24,X,g,g,1,10,1.4403930000000003,True,True,True,True,False,True,False
30,N2_N3_40_42,insertion,40,42,X,q,q--,1,10,1.4403930000000003,True,False,False,False,False,False,False
30,N2_N3_93_93,deletion,93,93,X,L,L,1,10,1.4403930000000003,True,False,False,False,False,False,False
30,N2_N3_119_120,insertion,119,120,X,dg,dg,2,10,1.4403930000000003,True,False,False,False,False,False,False
30,N2_N8_0_6,insertion,0,6,N,iyv,iyv----,3,10,1.545404,False,True,True,True,True,True,True
30,N2_N8_7_9,deletion,7,9,N,PL,PL-,2,10,1.545404,False,False,False,False,False,False,False
30,N2_N8_70_71,deletion,70,71,X,K,K-,1,10,1.545404,False,False,False,False,False,False,False
30,N2_N8_104_107,insertion,104,107,X,ld,ld--,2,10,1.545404,False,False,False,False,False,False,False
30,N14_sequence20_68_69,deletion,68,69,X,I,I-,1,0,2.666665,False,True,True,True,True,True,False
30,N14_sequence20_72_74,deletion,72,74,X,I,I--,1,0,2.666665,False,False,False,False,False,False,False
30,N14_sequence17_64_65,deletion,64,65,X,S,S-,1,0,2.666665,False,True,True,True,True,True,False
30,N15_N16_42_42,insertion,42,42,X,f,f,1,26,0.5781620000000001,False,False,False,False,False,False,False
30,N15_sequence11_8_22,deletion,8,22,X,LISL,L-I------S-L---,4,0,2.666665,False,False,True,True,True,True,True
30,N15_sequence11_26_26,insertion,26,26,X,e,e,1,0,2.666665,False,False,False,False,False,False,False
30,N15_sequence11_44_44,insertion,44,44,X,l,l,1,0,2.666665,False,False,False,False,False,False,False
30,N15_sequence11_60_63,deletion,60,63,X,P,P---,1,0,2.666665,False,False,False,False,False,False,False
30,N15_sequence11_66_67,deletion,66,67,X,N,N-,1,0,2.666665,False,False,False,False,False,False,False
30,N15_sequence11_83_86,insertion,83,86,X,ekil,ekil,4,0,2.666665,False,False,False,False,False,False,False
30,N15_sequence11_92_93,deletion,92,93,X,S,S-,1,0,2.666665,False,False,False,False,False,False,False
30,N15_sequence11_133_138,deletion,133,138,X,H,H-----,1,0,2.666665,False,False,False,False,False,False,False
30,N3_N4_12_16,insertion,12,16,X,ns,ns---,2,8,1.6110640000000003,True,False,False,True,False,True,False
30,N3_N4_43_45,deletion,43,45,X,GT,G-T,2,8,1.6110640000000003,True,True,False,False,False,False,False
30,N3_sequence16_64_65,deletion,64,65,X,D,D-,1,0,2.6666630000000002,False,True,False,True,False,True,False
30,N3_sequence16_96_100,insertion,96,100,X,k,k----,1,0,2.6666630000000002,False,False,False,False,False,False,False
30,N3_sequence16_119_120,deletion,119,120,X,dg,dg,2,0,2.6666630000000002,False,False,False,False,False,False,False
30,N8_N9_55_55,insertion,55,55,X,h,h,1,2,2.652774,True,True,True,True,True,True,True
30,N8_N9_68_71,deletion,68,71,X,S,S---,1,2,2.652774,True,False,False,False,False,False,False
30,N8_N9_88_93,deletion,88,93,X,DL,D----L,2,2,2.652774,True,False,False,False,False,False,False
30,N8_N9_104_104,deletion,104,104,X,l,l,1,2,2.652774,True,False,False,False,False,False,False
30,N16_N17_7_9,deletion,7,9,N,PL,PL-,2,8,1.412934,False,False,True,True,True,True,True
30,N16_N17_42_42,deletion,42,42,X,f,f,1,8,1.412934,False,False,False,False,False,False,False
30,N16_N17_46_53,deletion,46,53,X,IT,I----T--,2,8,1.412934,False,True,False,False,False,False,False
30,N16_N17_99_100,deletion,99,100,X,p,p-,1,8,1.412934,False,False,False,False,False,False,False
30,N16_N17_121_138,deletion,121,138,X,SLYH,S------L-Y--H-----,4,8,1.412934,False,False,False,False,False,False,False
30,N4_sequence19_7_7,deletion,7,7,N,S,S,1,0,2.6666640000000004,False,True,True,True,True,True,True
30,N4_sequence19_11_11,insertion,11,11,X,v,v,1,0,2.6666640000000004,False,False,False,False,False,False,False
30,N4_sequence19_12_16,deletion,12,16,X,ns,ns---,2,0,2.6666640000000004,False,False,False,False,False,False,False
30,N4_sequence19_61_63,insertion,61,63,X,see,see,3,0,2.6666640000000004,False,False,False,False,False,False,False
30,N4_sequence19_101_107,deletion,101,107,X,T,T------,1,0,2.6666640000000004,False,False,False,False,False,False,False
30,N4_sequence19_118_118,deletion,118,118,X,L,L,1,0,2.6666640000000004,False,False,False,False,False,False,False
30,N4_sequence19_139_140,deletion,139,140,C,GE,GE,2,0,2.6666640000000004,False,False,False,False,False,False,False
30,N10_sequence22_46_53,deletion,46,53,X,FP,F----P--,2,0,2.666667,False,True,True,True,True,True,True
30,N10_sequence22_112_117,insertion,112,117,X,ay,ay----,2,0,2.666667,False,False,False,False,False,False,False
30,N10_sequence22_118_127,deletion,118,127,X,ID,I--D------,2,0,2.666667,False,False,False,False,False,False,False
30,N10_N11_25_26,deletion,25,26,X,I,I-,1,4,2.442142,True,True,True,True,True,True,True
30,N17_N18_65_65,insertion,65,65,X,l,l,1,2,2.405304,True,True,False,True,False,True,True
30,N17_N18_71_71,insertion,71,71,X,v,v,1,2,2.405304,True,False,False,False,False,False,False
30,N17_N18_89_91,insertion,89,91,X,yrk,yrk,3,2,2.405304,True,False,False,False,False,False,False
30,N17_N19_23_24,deletion,23,24,X,I,I-,1,4,1.9755360000000002,True,True,False,True,False,True,True
30,N21_N22_7_16,deletion,7,16,N,PLI,PL-I------,3,4,2.1657993,True,False,True,True,True,True,True
30,N21_N22_18_18,insertion,18,18,X,i,i,1,4,2.1657993,True,False,False,False,False,False,False
30,N21_N22_39_41,insertion,39,41,X,e,e--,1,4,2.1657993,True,False,False,False,False,False,False
30,N21_N22_67_67,insertion,67,67,X,y,y,1,4,2.1657993,True,False,False,False,False,False,False
30,N21_N22_121_127,deletion,121,127,X,S,S------,1,4,2.1657993,True,False,False,False,False,False,False
30,N21_N22_130_132,deletion,130,132,X,Y,Y--,1,4,2.1657993,True,False,False,False,False,False,False
30,N21_N22_139_139,deletion,139,139,X,E,E,1,4,2.1657993,True,False,False,False,False,False,False
30,N5_sequence24_12_12,deletion,12,12,X,n,n,1,0,2.6666640000000004,False,False,False,True,True,True,True
30,N5_sequence24_24_24,deletion,24,24,X,g,g,1,0,2.6666640000000004,False,True,False,False,False,False,False
30,N5_sequence24_102_107,insertion,102,107,X,rq,rq----,2,0,2.6666640000000004,False,False,False,False,False,False,False
30,N5_sequence24_111_117,deletion,111,117,X,K,K------,1,0,2.6666640000000004,False,False,False,False,False,False,False
30,N5_sequence24_130_132,deletion,130,132,X,Y,Y--,1,0,2.6666640000000004,False,False,False,False,False,False,False
30,N5_N6_8_9,deletion,8,9,X,L,L-,1,4,2.3857790000000003,True,True,True,True,True,True,True
30,N5_N6_52_53,insertion,52,53,X,t,t-,1,4,2.3857790000000003,True,False,False,False,False,False,False
30,N5_N6_60_63,deletion,60,63,X,K,K---,1,4,2.3857790000000003,True,False,False,False,False,False,False
30,N5_N6_70_71,deletion,70,71,X,K,K-,1,4,2.3857790000000003,True,False,False,False,False,False,False
30,N5_N6_74_86,insertion,74,86,X,t,t------------,1,4,2.3857790000000003,True,False,False,False,False,False,False
30,N5_N6_122_127,insertion,122,127,X,lt,lt----,2,4,2.3857790000000003,True,False,False,False,False,False,False
30,N18_sequence18_37_37,insertion,37,37,X,g,g,1,0,2.666664,False,True,True,True,True,True,True
30,N18_sequence29_31_35,insertion,31,35,X,vf,vf---,2,0,2.666664,False,True,True,True,True,True,True
30,N18_sequence29_95_107,deletion,95,107,X,QP,Q-----P------,2,0,2.666664,False,False,False,False,False,False,False
30,N18_sequence29_109_110,insertion,109,110,X,kg,kg,2,0,2.666664,False,False,False,False,False,False,False
30,N18_sequence29_118_138,deletion,118,138,X,E,E--------------------,1,0,2.666664,False,False,False,False,False,False,False
30,N19_sequence10_19_35,deletion,19,35,X,RSSP,R-----S-S-P------,4,0,2.6666610000000004,False,True,True,True,True,True,True
30,N19_sequence10_45_53,deletion,45,53,X,L,L--------,1,0,2.6666610000000004,False,False,False,False,False,False,False
30,N19_sequence10_57_59,insertion,57,59,X,agm,agm,3,0,2.6666610000000004,False,False,False,False,False,False,False
30,N19_sequence10_94_110,deletion,94,110,X,ASSQ,AS-----S------Q--,4,0,2.6666610000000004,False,False,False,False,False,False,False
30,N22_sequence7_27_28,deletion,27,28,X,S,S-,1,0,2.6666682999999995,False,True,True,True,True,True,True
30,N22_sequence7_53_53,insertion,53,53,X,v,v,1,0,2.6666682999999995,False,False,False,False,False,False,False
30,N22_sequence7_101_107,deletion,101,107,X,N,N------,1,0,2.6666682999999995,False,False,False,False,False,False,False
30,N24_N25_88_91,deletion,88,91,X,A,A---,1,4,1.8225933,True,True,False,False,False,False,False
30,N24_N25_95_98,deletion,95,98,X,E,E---,1,4,1.8225933,True,False,False,True,False,True,False
30,N24_N25_117_117,insertion,117,117,X,s,s,1,4,1.8225933,True,False,False,False,False,False,False
30,N24_N27_130_132,deletion,130,132,X,Y,Y--,1,4,1.2628653,True,False,False,False,False,False,False
30,N6_N7_128_139,deletion,128,139,X,FYFN,F-Y--F-----N,4,2,2.4142494,True,True,False,True,False,True,False
30,N6_sequence5_64_72,deletion,64,72,X,KKAM,K-K-A---M,4,0,2.666664,False,True,True,True,True,True,True
30,N6_sequence5_133_138,deletion,133,138,X,F,F-----,1,0,2.666664,False,False,False,False,False,False,False
30,N20_sequence21_100_100,insertion,100,100,X,a,a,1,0,2.6666620000000005,False,True,True,True,True,True,True
30,N20_sequence9_43_44,deletion,43,44,X,G,G-,1,0,2.6666620000000005,False,True,True,True,True,True,True
30,N20_sequence9_118_138,deletion,118,138,X,E,E--------------------,1,0,2.6666620000000005,False,False,False,False,False,False,False
30,N23_sequence13_20_22,insertion,20,22,X,fnk,fnk,3,0,2.6666670999999997,False,True,True,True,True,True,True
30,N23_sequence13_69_69,insertion,69,69,X,i,i,1,0,2.6666670999999997,False,False,False,False,False,False,False
30,N23_sequence13_81_86,insertion,81,86,X,dd,dd----,2,0,2.6666670999999997,False,False,False,False,False,False,False
30,N23_sequence8_66_66,deletion,66,66,X,K,K,1,0,2.6666670999999997,False,True,True,True,True,True,True
30,N25_N26_87_91,deletion,87,91,X,N,N----,1,2,2.3616352999999997,True,True,False,True,False,True,False
30,N25_N26_128_129,deletion,128,129,X,R,R-,1,2,2.3616352999999997,True,False,False,False,False,False,False
30,N25_sequence12_92_93,deletion,92,93,X,N,N-,1,0,2.6666643,False,True,False,False,False,False,False
30,N25_sequence12_106_107,insertion,106,107,X,e,e-,1,0,2.6666643,False,False,False,False,False,False,False
30,N25_sequence12_134_138,insertion,134,138,X,haqtl,haqtl,5,0,2.6666643,False,False,False,False,False,False,False
30,N27_N28_94_94,deletion,94,94,X,A,A,1,2,2.2175713000000004,True,True,False,True,False,True,True
30,N27_sequence27_9_9,insertion,9,9,X,l,l,1,0,2.6666653,False,True,True,True,True,True,True
30,N27_sequence27_19_22,deletion,19,22,X,L,L---,1,0,2.6666653,False,False,False,False,False,False,False
30,N27_sequence27_25_28,deletion,25,28,X,SR,S-R-,2,0,2.6666653,False,False,False,False,False,False,False
30,N27_sequence27_41_41,insertion,41,41,X,d,d,1,0,2.6666653,False,False,False,False,False,False,False
30,N27_sequence27_60_67,deletion,60,67,X,PQN,P---Q-N-,3,0,2.6666653,False,False,False,False,False,False,False
30,N27_sequence27_92_93,deletion,92,93,X,T,T-,1,0,2.6666653,False,False,False,False,False,False,False
30,N7_sequence14_47_50,insertion,47,50,X,vvcl,vvcl,4,0,2.6666654000000003,False,True,True,True,True,True,True
30,N7_sequence14_68_72,deletion,68,72,X,AM,A---M,2,0,2.6666654000000003,False,False,False,False,False,False,False
30,N26_sequence2_14_16,insertion,14,16,X,ddg,ddg,3,0,2.6666643,False,True,True,True,True,True,True
30,N26_sequence2_46_50,deletion,46,50,X,L,L----,1,0,2.6666643,False,False,False,False,False,False,False
30,N26_sequence2_124_129,insertion,124,129,X,ngdk,ngdk--,4,0,2.6666643,False,False,False,False,False,False,False
30,N28_sequence4_33_35,insertion,33,35,X,fgl,fgl,3,0,2.6666643,False,True,True,True,True,True,True
30,N28_sequence4_107_107,insertion,107,107,X,a,a,1,0,2.6666643,False,False,False,False,False,False,False
40,N0_N1_72_73,deletion,72,73,X,K,K-,1,32,0.266524,False,False,True,False,False,False,False
40,N0_N17_51_53,deletion,51,53,X,EN,E-N,2,44,0.203692,True,False,False,False,False,False,False
40,N0_N17_65_65,deletion,65,65,X,S,S,1,44,0.203692,True,False,False,False,False,False,False
40,N1_N2_120_120,insertion,120,120,X,l,l,1,24,0.40493,False,False,False,False,False,False,True
40,N1_N14_55_59,deletion,55,59,X,L,L----,1,6,0.9471499999999999,True,False,False,False,False,False,False
40,N17_sequence17_19_19,insertion,19,19,X,l,l,1,0,2.0000020000000003,False,True,True,True,True,True,True
40,N17_sequence17_20_22,deletion,20,22,X,IS,IS-,2,0,2.0000020000000003,False,False,False,False,False,False,False
40,N17_sequence17_26_26,deletion,26,26,X,S,S,1,0,2.0000020000000003,False,False,False,False,False,False,False
40,N17_sequence17_34_36,insertion,34,36,X,fg,fg-,2,0,2.0000020000000003,False,False,False,False,False,False,False
40,N17_sequence17_64_65,deletion,64,65,X,R,R-,1,0,2.0000020000000003,False,False,False,False,False,False,False
40,N17_sequence17_79_81,insertion,79,81,X,sya,sya,3,0,2.0000020000000003,False,False,False,False,False,False,False
40,N17_sequence17_111_113,insertion,111,113,X,pyg,pyg,3,0,2.0000020000000003,False,False,False,False,False,False,False
40,N17_sequence17_121_126,deletion,121,126,X,Y,Y-----,1,0,2.0000020000000003,False,False,False,False,False,False,False
40,N2_N3_47_53,deletion,47,53,X,SDEN,S--DE-N,4,4,0.6025769999999999,True,True,False,True,False,True,False
40,N2_N3_83_87,insertion,83,87,X,vt,vt---,2,4,0.6025769999999999,True,False,False,False,False,False,False
40,N2_N5_55_59,deletion,55,59,X,L,L----,1,18,0.5005222,False,False,False,False,False,False,False
40,N14_sequence27_52_52,insertion,52,52,X,k,k,1,0,2.0,False,True,False,True,False,True,False
40,N14_sequence27_65_65,deletion,65,65,X,S,S,1,0,2.0,False,False,False,False,False,False,False
40,N14_sequence27_97_99,deletion,97,99,X,T,T--,1,0,2.0,False,False,False,False,False,False,False
40,N14_sequence27_128_128,deletion,128,128,X,I,I,1,0,2.0,False,False,False,False,False,False,False
40,N14_N15_11_20,deletion,11,20,X,SAL,S-A------L,3,4,1.3851719999999998,True,True,False,True,False,True,False
40,N14_N15_33_36,deletion,33,36,X,S,S---,1,4,1.3851719999999998,True,False,False,False,False,False,True
40,N14_N15_60_63,deletion,60,63,X,N,N---,1,4,1.3851719999999998,True,False,False,False,False,False,False
40,N14_N15_65_65,deletion,65,65,X,S,S,1,4,1.3851719999999998,True,False,False,False,False,False,False
40,N18_N19_13_19,deletion,13,19,X,L,L------,1,16,0.9009819,False,True,True,True,True,True,True
40,N18_N19_59_59,insertion,59,59,X,f,f,1,16,0.9009819,False,False,False,False,False,False,False
40,N18_N19_107_120,deletion,107,120,X,VAL,V------A----L-,3,16,0.9009819,False,False,False,False,False,False,False
40,N18_N19_123_126,insertion,123,126,X,kgi,kgi-,3,16,0.9009819,False,False,False,False,False,False,False
40,N3_N4_67_73,insertion,67,73,X,rk,rk-----,2,2,1.035115,True,True,False,True,False,True,False
40,N3_sequence32_5_12,deletion,5,12,N,PVSS,P-V--SS-,4,0,1.999997,False,True,True,True,True,True,True
40,N3_sequence32_31_36,deletion,31,36,X,GT,G-T---,2,0,1.999997,False,False,False,False,False,False,False
40,N3_sequence32_46_53,deletion,46,53,X,P,P-------,1,0,1.999997,False,False,False,False,False,False,False
40,N3_sequence32_84_87,deletion,84,87,X,t,t---,1,0,1.999997,False,False,False,False,False,False,False
40,N3_sequence32_100_101,deletion,100,101,X,L,L-,1,0,1.999997,False,False,False,False,False,False,False
40,N3_sequence32_119_119,deletion,119,119,X,L,L,1,0,1.999997,False,False,False,False,False,False,False
40,N5_N10_7_9,deletion,7,9,X,V,V--,1,8,1.0277441999999999,True,True,True,True,True,True,True
40,N5_N10_20_20,deletion,20,20,X,I,I,1,8,1.0277441999999999,True,False,False,False,False,False,False
40,N5_N10_69_73,insertion,69,73,X,sh,sh---,2,8,1.0277441999999999,True,False,False,False,False,False,False
40,N5_N10_115_118,insertion,115,118,X,g,g---,1,8,1.0277441999999999,True,False,False,False,False,False,False
40,N15_sequence34_41_42,insertion,41,42,X,te,te,2,0,2.0,False,True,True,True,True,True,True
40,N15_sequence34_51_52,deletion,51,52,X,S,S-,1,0,2.0,False,False,False,False,False,False,False
40,N15_N16_109_113,insertion,109,113,X,kg,kg---,2,2,1.7081499999999998,True,True,True,True,True,True,True
40,N19_N20_93_96,insertion,93,96,X,p,p---,1,2,1.2082979,True,False,False,True,False,True,True
40,N27_N28_46_46,deletion,46,46,X,Q,Q,1,20,0.5967339,False,True,True,True,True,True,True
40,N27_N28_54_65,deletion,54,65,X,IQLR,IQ----L---R-,4,20,0.5967339,False,False,False,False,False,False,False
40,N27_N38_10_12,deletion,10,12,X,VS,VS-,2,2,1.6847799,True,True,True,True,True,True,True
40,N27_N38_27_42,deletion,27,42,X,WGTV,W---G-T---V-----,4,2,1.6847799,True,False,False,False,False,False,False
40,N27_N38_49_49,insertion,49,49,X,s,s,1,2,1.6847799,True,False,False,False,False,False,False
40,N27_N38_104_106,insertion,104,106,X,kvf,kvf,3,2,1.6847799,True,False,False,False,False,False,False
40,N27_N38_126_126,insertion,126,126,X,a,a,1,2,1.6847799,True,False,False,False,False,False,False
40,N27_N38_127_127,deletion,127,127,X,L,L,1,2,1.6847799,True,False,False,False,False,False,False
40,N4_sequence5_8_9,insertion,8,9,X,g,g-,1,0,1.9999989999999999,False,True,True,True,True,True,True
40,N4_sequence5_25_25,insertion,25,25,X,n,n,1,0,1.9999989999999999,False,False,False,False,False,False,False
40,N4_sequence5_61_63,insertion,61,63,X,laa,laa,3,0,1.9999989999999999,False,False,False,False,False,False,False
40,N4_sequence5_68_73,deletion,68,73,X,k,k-----,1,0,1.9999989999999999,False,False,False,False,False,False,False
40,N4_sequence13_12_12,insertion,12,12,X,s,s,1,0,1.9999989999999999,False,True,True,True,True,True,True
40,N4_sequence13_14_19,insertion,14,19,X,n,n-----,1,0,1.9999989999999999,False,False,False,False,False,False,False
40,N4_sequence13_85_87,insertion,85,87,X,ff,ff-,2,0,1.9999989999999999,False,False,False,False,False,False,False
40,N4_sequence13_127_128,deletion,127,128,X,FF,FF,2,0,1.9999989999999999,False,False,False,False,False,False,False
40,N6_N7_0_4,insertion,0,4,N,k,k----,1,4,1.5694902000000002,True,True,True,True,True,False,True
40,N6_N7_6_6,insertion,6,6,X,a,a,1,4,1.5694902000000002,True,False,False,False,False,True,False
40,N6_N7_33_43,deletion,33,43,X,TVV,T---V-----V,3,4,1.5694902000000002,True,False,False,False,False,False,False
40,N6_N7_44_45,insertion,44,45,X,t,t-,1,4,1.5694902000000002,True,False,False,False,False,False,False
40,N6_N7_64_65,deletion,64,65,X,RA,RA,2,4,1.5694902000000002,True,False,False,False,False,False,False
40,N6_N7_87_87,insertion,87,87,X,k,k,1,4,1.5694902000000002,True,False,False,False,False,False,False
40,N6_N7_91_96,insertion,91,96,X,kg,kg----,2,4,1.5694902000000002,True,False,False,False,False,False,False
40,N6_N7_122_126,insertion,122,126,X,v,v----,1,4,1.5694902000000002,True,False,False,False,False,False,False
40,N6_N9_9_9,insertion,9,9,X,y,y,1,2,1.1858902,True,True,False,True,False,True,True
40,N6_N9_45_45,insertion,45,45,X,p,p,1,2,1.1858902,True,False,False,False,False,False,False
40,N6_N9_53_59,deletion,53,59,X,KV,KV-----,2,2,1.1858902,True,False,False,False,False,False,False
40,N10_sequence23_21_22,deletion,21,22,X,D,D-,1,0,2.0000001999999997,False,True,True,True,True,True,True
40,N10_sequence23_69_69,deletion,69,69,X,s,s,1,0,2.0000001999999997,False,False,False,False,False,False,False
40,N10_sequence23_76_81,insertion,76,81,X,lvt,lvt---,3,0,2.0000001999999997,False,False,False,False,False,False,False
40,N10_sequence23_103_106,insertion,103,106,X,l,l---,1,0,2.0000001999999997,False,False,False,False,False,False,False
40,N10_sequence23_108_113,insertion,108,113,X,r,r-----,1,0,2.0000001999999997,False,False,False,False,False,False,False
40,N10_sequence23_116_118,insertion,116,118,X,agl,agl,3,0,2.0000001999999997,False,False,False,False,False,False,False
40,N20_sequence29_36_36,insertion,36,36,X,s,s,1,0,1.9999999000000002,False,True,True,True,True,True,True
40,N20_sequence29_64_65,deletion,64,65,X,R,R-,1,0,1.9999999000000002,False,False,False,False,False,False,False
40,N20_sequence29_73_73,insertion,73,73,X,g,g,1,0,1.9999999000000002,False,False,False,False,False,False,False
40,N20_sequence29_97_122,deletion,97,122,X,LLHY,L--L-H------------------Y-,4,0,1.9999999000000002,False,False,False,False,False,False,False
40,N20_sequence29_127_129,deletion,127,129,C,ARN,ARN,3,0,1.9999999000000002,False,False,False,False,False,False,False
40,N20_sequence35_22_22,insertion,22,22,X,p,p,1,0,1.9999999000000002,False,True,True,True,True,True,True
40,N20_sequence35_123_124,deletion,123,124,X,kg,kg,2,0,1.9999999000000002,False,False,False,False,False,False,False
40,N21_N22_64_71,deletion,64,71,X,RA,R-A-----,2,6,1.5524399000000002,True,True,True,True,True,False,False
40,N21_N22_88_96,deletion,88,96,X,Y,Y--------,1,6,1.5524399000000002,True,False,False,False,False,False,False
40,N21_N25_56_58,insertion,56,58,X,vpl,vpl,3,4,1.2675339,True,True,False,True,False,True,True
40,N7_sequence16_5_5,deletion,5,5,X,L,L,1,0,2.0000002,False,True,True,False,False,False,False
40,N7_sequence16_89_90,insertion,89,90,X,tn,tn,2,0,2.0000002,False,False,False,False,False,False,False
40,N9_sequence26_51_59,deletion,51,59,X,E,E--------,1,0,1.9999982,False,True,False,True,False,True,False
40,N9_sequence26_65_81,deletion,65,81,X,SQI,SQ-------I-------,3,0,1.9999982,False,False,False,False,False,False,False
40,N9_sequence9_27_30,deletion,27,30,X,W,W---,1,0,1.9999982,False,True,False,True,False,True,True
40,N9_sequence9_38_42,insertion,38,42,X,glm,glm--,3,0,1.9999982,False,False,False,False,False,False,False
40,N9_sequence9_43_44,deletion,43,44,X,V,V-,1,0,1.9999982,False,False,False,False,False,False,False
40,N11_sequence30_28_30,insertion,28,30,X,tt,tt-,2,0,1.9999992,False,True,True,True,True,True,True
40,N11_sequence30_51_53,deletion,51,53,X,QK,Q-K,2,0,1.9999992,False,False,False,False,False,False,False
40,N22_sequence21_27_30,deletion,27,30,X,W,W---,1,0,1.9999999000000002,False,True,True,True,True,True,True
40,N22_sequence21_48_49,insertion,48,49,X,p,p-,1,0,1.9999999000000002,False,False,False,False,False,False,False
40,N22_N23_59_59,deletion,59,59,X,f,f,1,4,1.8521259,True,True,True,True,True,True,True
40,N22_N23_72_96,deletion,72,96,X,GSK,G-S-------K--------------,3,4,1.8521259,True,False,False,False,False,False,False
40,N25_sequence15_100_120,deletion,100,120,X,AH,A-H------------------,2,0,1.9999999,False,True,False,True,False,True,True
40,N29_N30_88_99,deletion,88,99,X,KT,K--------T--,2,2,1.9895799,True,True,True,True,True,True,True
40,N32_N33_21_22,deletion,21,22,X,S,S-,1,10,1.2063719000000002,False,True,True,True,True,True,True
40,N32_sequence18_4_4,insertion,4,4,N,y,y,1,0,1.9999979,False,True,True,True,True,True,True
40,N32_sequence18_43_46,deletion,43,46,X,T,T---,1,0,1.9999979,False,False,False,False,False,False,False
40,N32_sequence18_128_128,deletion,128,128,X,R,R,1,0,1.9999979,False,False,False,False,False,False,False
40,N8_sequence31_15_19,insertion,15,19,X,q,q----,1,0,1.9999998,False,True,True,False,False,False,False
40,N8_sequence31_102_106,deletion,102,106,X,V,V----,1,0,1.9999998,False,False,False,False,False,False,False
40,N8_sequence14_1_4,insertion,1,4,X,vqy,vqy-,3,0,1.9999998,False,True,True,False,False,False,False
40,N12_sequence2_75_81,insertion,75,81,X,c,c------,1,0,1.9999992000000002,False,True,True,True,True,True,True
40,N23_sequence33_98_99,insertion,98,99,X,sk,sk,2,0,1.9999999000000002,False,True,True,True,True,True,True
40,N26_sequence1_59_63,deletion,59,63,X,fV,fV---,2,0,1.9999999000000002,False,True,True,True,True,True,True
40,N26_sequence1_101_101,insertion,101,101,X,k,k,1,0,1.9999999000000002,False,False,False,False,False,False,False
40,N26_sequence1_128_128,deletion,128,128,X,K,K,1,0,1.9999999000000002,False,False,False,False,False,False,False
40,N26_sequence6_94_96,insertion,94,96,X,atk,atk,3,0,1.9999999000000002,False,True,True,True,True,True,True
40,N31_sequence12_47_49,deletion,47,49,X,S,S--,1,0,1.9999999000000002,False,True,True,True,True,True,True
40,N31_sequence12_71_71,insertion,71,71,X,k,k,1,0,1.9999999000000002,False,False,False,False,False,False,False
40,N33_N35_10_10,deletion,10,10,X,V,V,1,6,1.4833739000000001,True,True,True,True,True,False,True
40,N13_sequence39_16_20,insertion,16,20,X,tvk,tvk--,3,0,2.0000012,False,True,True,True,True,True,True
40,N24_sequence8_30_30,insertion,30,30,X,a,a,1,0,1.9999997,False,True,True,True,True,True,True
40,N35_N36_20_23,deletion,20,23,X,LL,L--L,2,4,1.6624309,True,True,True,True,True,False,True
40,N35_sequence20_5_10,deletion,5,10,N,PY,P-Y---,2,0,1.9999999,False,True,True,True,True,False,True
40,N37_sequence19_32_32,insertion,32,32,X,v,v,1,0,1.9999989,False,True,True,True,True,True,True
50,N0_N1_23_24,insertion,23,24,X,q,q-,1,4,1.10814,True,True,False,True,False,True,False
50,N0_N1_30_32,insertion,30,32,X,vl,vl-,2,4,1.10814,True,False,False,False,False,False,False
50,N0_N1_40_46,deletion,40,46,X,V,V------,1,4,1.10814,True,False,False,False,False,False,False
50,N0_N1_76_77,insertion,76,77,X,q,q-,1,4,1.10814,True,False,False,False,False,False,False
50,N0_N1_83_88,deletion,83,88,X,KQ,K----Q,2,4,1.10814,True,False,False,False,False,False,False
50,N0_N3_9_10,deletion,9,10,X,V,V-,1,92,0.162953,False,False,False,False,False,False,False
50,N0_N3_11_11,insertion,11,11,X,g,g,1,92,0.162953,False,False,False,False,False,True,False
50,N1_sequence30_8_11,deletion,8,11,N,PV,PV--,2,0,1.600002,False,False,False,True,True,False,True
50,N3_N27_8_10,deletion,8,10,N,P,P--,1,44,0.477386,False,False,False,True,False,False,True
50,N3_N27_16_16,deletion,16,16,X,L,L,1,44,0.477386,False,True,True,False,False,True,False
50,N3_N27_83_88,deletion,83,88,X,KQ,K----Q,2,44,0.477386,False,False,False,False,False,False,False
50,N2_sequence13_31_38,deletion,31,38,X,vWG,v-WG----,3,0,1.600002,False,False,False,True,True,False,True
50,N2_sequence16_8_12,deletion,8,12,N,PVL,PV--L,3,0,1.600002,False,False,False,True,True,False,True
50,N5_sequence2_14_15,insertion,14,15,X,l,l-,1,0,1.59999789,False,True,False,True,False,True,True
50,N5_sequence2_47_47,deletion,47,47,X,T,T,1,0,1.59999789,False,False,False,False,False,False,False
50,N5_sequence2_83_97,deletion,83,97,X,KQD,K----QD--------,3,0,1.59999789,False,False,False,False,False,False,False
50,N5_sequence2_126_132,deletion,126,132,X,L,L------,1,0,1.59999789,False,False,False,False,False,False,False
50,N21_N22_66_66,insertion,66,66,X,d,d,1,8,0.85733072,True,True,False,True,False,True,True
50,N21_N22_83_87,deletion,83,87,X,K,K----,1,8,0.85733072,True,False,False,False,False,False,False
50,N21_N22_117_121,insertion,117,121,X,ldy,ldy--,3,8,0.85733072,True,False,False,False,False,False,False
50,N21_N26_32_32,insertion,32,32,X,g,g,1,2,0.7207847199999999,True,True,False,True,False,True,True
50,N21_N26_113_115,deletion,113,115,X,K,K--,1,2,0.7207847199999999,True,False,False,False,False,False,False
50,N37_N38_50_52,insertion,50,52,X,r,r--,1,18,0.8280905100000001,False,True,True,False,True,True,True
50,N37_N47_11_12,deletion,11,12,N,gV,gV,2,4,0.96509551,True,False,True,True,True,True,True
50,N37_N47_61_62,insertion,61,62,X,av,av,2,4,0.96509551,True,False,False,False,False,False,False
50,N37_N47_139_140,deletion,139,140,C,AV,AV,2,4,0.96509551,True,False,False,False,False,False,False
50,N6_N7_2_7,insertion,2,7,N,s,s-----,1,16,1.0140263999999999,True,True,False,False,False,False,True
50,N6_N15_8_15,deletion,8,15,N,PgIT,P--gIT--,4,12,0.4449483999999999,False,True,False,False,False,False,True
50,N6_N15_49_52,insertion,49,52,X,e,e---,1,12,0.4449483999999999,False,False,False,False,False,True,False
50,N22_sequence26_63_63,deletion,63,63,X,E,E,1,0,1.59999872,False,True,True,True,True,True,True
50,N22_sequence26_65_65,insertion,65,65,X,a,a,1,0,1.59999872,False,False,False,False,False,False,False
50,N22_sequence26_98_104,deletion,98,104,X,N,N------,1,0,1.59999872,False,False,False,False,False,False,False
50,N22_N23_108_110,insertion,108,110,X,ag,ag-,2,6,1.06535772,False,True,False,True,False,True,True
50,N26_sequence43_35_38,insertion,35,38,X,vpl,vpl-,3,0,1.59999872,False,True,False,False,False,False,True
50,N26_sequence43_89_97,deletion,89,97,X,N,N--------,1,0,1.59999872,False,False,False,False,False,False,False
50,N26_sequence43_100_104,insertion,100,104,X,v,v----,1,0,1.59999872,False,False,False,False,False,False,False
50,N26_sequence43_110_110,insertion,110,110,X,n,n,1,0,1.59999872,False,False,False,False,False,False,False
50,N26_sequence48_8_12,deletion,8,12,N,TaY,T--aY,3,0,1.59999872,False,True,False,True,False,True,True
50,N26_sequence48_38_38,insertion,38,38,X,t,t,1,0,1.59999872,False,False,False,False,False,False,False
50,N26_sequence48_93_97,insertion,93,97,X,a,a----,1,0,1.59999872,False,False,False,False,False,False,False
50,N29_N30_27_28,insertion,27,28,X,dd,dd,2,2,0.9903973,True,True,False,True,False,True,True
50,N35_sequence37_12_12,deletion,12,12,X,V,V,1,0,1.5999993,False,True,True,True,True,True,True
50,N35_sequence37_63_63,deletion,63,63,X,N,N,1,0,1.5999993,False,False,False,False,False,False,False
50,N35_sequence37_70_73,insertion,70,73,X,arki,arki,4,0,1.5999993,False,False,False,False,False,False,False
50,N35_sequence37_139_140,deletion,139,140,C,RV,RV,2,0,1.5999993,False,False,False,False,False,False,False
50,N38_N39_11_11,deletion,11,11,N,g,g,1,2,1.2862645099999999,True,False,True,True,True,True,True
50,N38_N39_20_20,insertion,20,20,X,n,n,1,2,1.2862645099999999,True,True,False,False,False,False,False
50,N47_N48_24_24,insertion,24,24,X,l,l,1,2,1.55808051,True,True,True,True,True,True,True
50,N47_N48_25_32,deletion,25,32,X,QN,Q---N---,2,2,1.55808051,True,False,False,False,False,False,False
50,N47_N48_105_110,deletion,105,110,X,V,V-----,1,2,1.55808051,True,False,False,False,False,False,False
50,N47_N48_122_133,deletion,122,133,X,GVG,G---V------G,3,2,1.55808051,True,False,False,False,False,False,False
50,N47_sequence34_48_50,deletion,48,50,X,P,P--,1,0,1.59999751,False,True,True,True,True,True,True
50,N47_sequence34_51_52,insertion,51,52,X,ie,ie,2,0,1.59999751,False,False,False,False,False,False,False
50,N47_sequence34_94_97,insertion,94,97,X,ekvl,ekvl,4,0,1.59999751,False,False,False,False,False,False,False
50,N47_sequence34_104_104,insertion,104,104,X,a,a,1,0,1.59999751,False,False,False,False,False,False,False
50,N7_sequence20_63_63,deletion,63,63,X,T,T,1,0,1.5999984000000003,False,True,True,True,True,True,True
50,N7_sequence20_113_115,deletion,113,115,X,K,K--,1,0,1.5999984000000003,False,False,False,False,False,False,False
50,N7_sequence20_122_132,deletion,122,132,X,AL,A---L------,2,0,1.5999984000000003,False,False,False,False,False,False,False
50,N15_N16_60_62,deletion,60,62,X,K,K--,1,2,0.5980504,True,True,False,True,False,True,False
50,N15_N17_17_20,deletion,17,20,X,V,V---,1,8,1.0345993999999998,True,True,False,True,False,True,True
50,N15_N17_139_139,deletion,139,139,X,A,A,1,8,1.0345993999999998,True,False,False,False,False,False,False
50,N23_N25_8_11,deletion,8,11,N,Pg,P--g,2,2,1.5288737200000002,True,True,True,True,True,True,True
50,N23_N25_133_133,deletion,133,133,X,Y,Y,1,2,1.5288737200000002,True,False,False,False,False,False,False
50,N30_sequence18_69_73,insertion,69,73,X,g,g----,1,0,1.5999983,False,True,False,True,False,True,True
50,N30_sequence40_112_112,insertion,112,112,X,v,v,1,0,1.5999983,False,True,False,True,False,True,True
50,N30_sequence40_135_138,insertion,135,138,X,haqt,haqt,4,0,1.5999983,False,False,False,False,False,False,False
50,N31_N32_29_32,deletion,29,32,X,G,G---,1,4,1.2859566,True,True,True,True,True,True,True
50,N31_N32_40_46,deletion,40,46,X,L,L------,1,4,1.2859566,True,False,False,False,False,False,False
50,N31_N34_40_47,deletion,40,47,X,LA,L------A,2,2,1.5005636,True,False,True,False,True,False,False
50,N31_N34_54_59,deletion,54,59,X,P,P-----,1,2,1.5005636,True,False,False,False,False,False,False
50,N36_sequence38_41_46,insertion,41,46,X,es,es----,2,0,1.5999993,False,True,True,True,True,True,True
50,N39_sequence33_17_19,deletion,17,19,X,V,V--,1,0,1.59999751,False,True,True,True,True,True,True
50,N39_sequence33_114_115,insertion,114,115,X,ha,ha,2,0,1.59999751,False,False,False,False,False,False,False
50,N39_sequence27_67_74,deletion,67,74,X,EL,E------L,2,0,1.59999751,False,True,True,True,True,True,True
50,N39_sequence27_111_112,deletion,111,112,X,E,E-,1,0,1.59999751,False,False,False,False,False,False,False
50,N40_N41_105_110,deletion,105,110,X,T,T-----,1,4,0.88329921,True,True,False,False,False,True,False
50,N8_N14_26_28,insertion,26,28,X,g,g--,1,2,1.5820764000000003,True,True,True,True,True,True,True
50,N8_N14_75_81,deletion,75,81,X,LS,L--S---,2,2,1.5820764000000003,True,False,False,False,False,False,False
50,N8_N14_127_132,insertion,127,132,X,s,s-----,1,2,1.5820764000000003,True,False,False,False,False,False,False
50,N16_sequence15_68_73,insertion,68,73,X,k,k-----,1,0,1.6000004,False,True,False,True,False,True,False
50,N16_sequence15_122_133,deletion,122,133,X,ALY,A---L------Y,3,0,1.6000004,False,False,False,False,False,False,False
50,N16_sequence45_3_15,insertion,3,15,N,gnvn,gnvn---------,4,0,1.6000004,False,True,False,True,False,True,True
50,N16_sequence45_47_47,deletion,47,47,X,E,E,1,0,1.6000004,False,False,False,False,False,False,False
50,N16_sequence45_54_66,deletion,54,66,X,PYV,P--------YV--,3,0,1.6000004,False,False,False,False,False,False,False
50,N16_sequence45_84_87,insertion,84,87,X,ynfa,ynfa,4,0,1.6000004,False,False,False,False,False,False,False
50,N16_sequence45_106_110,insertion,106,110,X,fp,fp---,2,0,1.6000004,False,False,False,False,False,False,False
50,N16_sequence45_139_140,deletion,139,140,C,AV,AV,2,0,1.6000004,False,False,False,False,False,False,False
50,N17_N18_55_59,insertion,55,59,X,v,v----,1,6,1.2255914,True,True,False,True,False,True,True
50,N24_sequence28_113_115,deletion,113,115,X,N,N--,1,0,1.59999772,False,True,True,True,True,True,True
50,N24_sequence6_40_53,deletion,40,53,X,TTPR,T------TP----R,4,0,1.59999772,False,True,True,True,True,True,True
50,N24_sequence6_128_132,insertion,128,132,X,t,t----,1,0,1.59999772,False,False,False,False,False,False,False
50,N32_N33_129_132,insertion,129,132,X,trak,trak,4,2,1.5518426,True,True,True,True,True,True,True
50,N32_sequence49_18_20,insertion,18,20,X,pf,pf-,2,0,1.5999976,False,True,True,True,True,True,True
50,N32_sequence49_67_74,deletion,67,74,X,EA,E------A,2,0,1.5999976,False,False,False,False,False,False,False
50,N34_sequence3_48_52,deletion,48,52,X,P,P----,1,0,1.5999982,False,True,True,True,True,True,False
50,N34_sequence29_122_125,deletion,122,125,X,A,A---,1,0,1.5999982,False,True,True,True,True,True,False
50,N41_sequence23_15_16,insertion,15,16,X,y,y-,1,0,1.5999982099999999,False,True,True,True,True,True,True
50,N41_sequence23_17_21,deletion,17,21,X,VG,V---G,2,0,1.5999982099999999,False,False,False,False,False,False,False
50,N41_sequence23_40_47,deletion,40,47,X,VT,V------T,2,0,1.5999982099999999,False,False,False,False,False,False,False
50,N41_sequence23_98_115,deletion,98,115,X,AEN,A------------E-N--,3,0,1.5999982099999999,False,False,False,False,False,False,False
50,N41_sequence23_120_121,insertion,120,121,X,vy,vy,2,0,1.5999982099999999,False,False,False,False,False,False,False
50,N9_N10_111_112,deletion,111,112,X,A,A-,1,4,1.2695067000000002,True,True,True,True,True,True,True
50,N14_sequence47_0_1,insertion,0,1,N,dk,dk,2,0,1.599998,False,True,True,True,True,True,True
50,N18_sequence8_77_77,insertion,77,77,X,v,v,1,0,1.5999954000000003,False,True,True,True,True,True,True
50,N18_sequence8_90_97,insertion,90,97,X,ykk,ykk-----,3,0,1.5999954000000003,False,False,False,False,False,False,False
50,N18_sequence8_99_104,insertion,99,104,X,g,g-----,1,0,1.5999954000000003,False,False,False,False,False,False,False
50,N33_sequence4_79_81,insertion,79,81,X,p,p--,1,0,1.5999986,False,True,True,True,True,True,True
50,N42_sequence39_11_11,deletion,11,11,N,g,g,1,0,1.59999721,False,True,True,True,True,False,True
50,N42_sequence39_29_38,deletion,29,38,X,MWG,M---WG----,3,0,1.59999721,False,False,False,False,False,True,False
50,N42_sequence39_80_81,insertion,80,81,X,ns,ns,2,0,1.59999721,False,False,False,False,False,False,False
50,N42_sequence35_10_10,insertion,10,10,N,g,g,1,0,1.59999721,False,True,True,True,True,False,True
50,N42_sequence35_43_46,insertion,43,46,X,v,v---,1,0,1.59999721,False,False,False,False,False,False,False
50,N42_sequence35_101_110,insertion,101,110,X,gte,gte-------,3,0,1.59999721,False,False,False,False,False,False,False
50,N46_sequence7_17_20,deletion,17,20,X,I,I---,1,0,1.59999701,False,True,True,True,True,True,True
50,N10_N11_34_46,deletion,34,46,X,GSI,G----SI------,3,2,1.5414717,True,True,True,True,True,True,True
50,N10_sequence44_123_125,insertion,123,125,X,lni,lni,3,0,1.5999977,False,True,True,True,True,True,True
50,N12_sequence36_78_87,deletion,78,87,X,SDK,S---DK----,3,0,1.5999997000000001,False,True,True,True,True,True,True
50,N19_sequence22_63_63,deletion,63,63,X,N,N,1,0,1.5999966,False,True,True,True,True,True,True
50,N45_sequence25_44_46,insertion,44,46,X,sia,sia,3,0,1.59999701,False,True,True,True,True,True,True
50,N45_sequence14_7_10,insertion,7,10,N,i,i---,1,0,1.59999701,False,True,True,True,True,True,True
50,N45_sequence14_56_59,insertion,56,59,X,lklv,lklv,4,0,1.59999701,False,False,False,False,False,False,False
50,N11_sequence11_83_87,deletion,83,87,X,T,T----,1,0,1.5999981,False,True,True,True,True,True,True
50,N20_sequence19_111_125,deletion,111,125,X,EKLL,E-K--L-----L---,4,0,1.5999960000000002,False,True,True,True,True,True,True
50,N20_sequence19_134_140,deletion,134,140,C,YI,Y-----I,2,0,1.5999960000000002,False,False,False,False,False,False,False
